URL,Lastmod,Changefreq,Priority
https://38smile.heytcm.com/,2025-03-21,daily,1.0
https://38smile.heytcm.com/apps/base/analysis,2025-03-14,weekly,0.9
https://38smile.heytcm.com/apps/base/community,2025-03-14,weekly,0.9
https://38smile.heytcm.com/apps/base/home,2025-03-14,weekly,0.9
https://38smile.heytcm.com/apps/base/onboarding-preview/paywall-preview/subscription,2025-03-14,weekly,0.9
https://38smile.heytcm.com/apps/base/onboarding-preview/step1,2025-03-14,weekly,0.9
https://38smile.heytcm.com/apps/base/onboarding-preview/step2,2025-03-14,weekly,0.9
https://38smile.heytcm.com/apps/base/onboarding-preview/step3,2025-03-14,weekly,0.9
https://38smile.heytcm.com/apps/base/practice,2025-03-14,weekly,0.9
https://38smile.heytcm.com/apps/base/subscription,2025-03-14,weekly,0.9
https://38smile.heytcm.com/privacy,2025-03-12,weekly,0.9
https://38smile.heytcm.com/terms,2025-03-12,weekly,0.9